{
  "config": "/home/gabriel/TelloControl/src/tello_control_pkg/config/lqi_tuning_near_zero_ov.yaml",
  "solver": {
    "status": "optimal_inaccurate",
    "objective": 0.0013982858233775246
  },
  "synthesis": {
    "solver": "CLARABEL",
    "solver_eps": 1e-05,
    "solver_max_iters": 25000,
    "lmi_eps": 1e-05,
    "pole_region": {
      "enable_alpha": false,
      "alpha": 0.0,
      "enable_damping_ratio": false,
      "zeta_min": null
    },
    "input_saturation_lmi": {
      "enable": true,
      "u_limits": [
        0.5,
        0.5,
        0.5,
        0.5
      ]
    },
    "objective_w2_weight": 0.0001
  },
  "model": {
    "nominal_gammas": {
      "gamma1": 16.22805132503869,
      "gamma2": -2.020900651766085,
      "gamma3": 15.783195120573993,
      "gamma4": -1.9643345441391704,
      "gamma5": 6.5077684221259275,
      "gamma6": -1.5441738898469863,
      "gamma7": 6.128271638028751,
      "gamma8": -1.9395484436791686
    },
    "uncertainty_pct": 0.1,
    "num_vertices": 256
  },
  "controller": {
    "control_sign": -1.0,
    "v_limits": [
      0.5,
      0.5,
      0.5,
      0.5
    ],
    "integral_limits": [
      0.005,
      0.005,
      0.008,
      0.01
    ],
    "k_lmi_row_major": [
      -3.2730283666239655,
      -1.6459903605033974,
      -2.1894232014333714e-14,
      -5.547511257224639e-14,
      -7.70192064226146e-15,
      -2.1946946448170047e-14,
      7.930000420236855e-15,
      2.0164692468979613e-14,
      -0.5116156265501167,
      -9.660646911608696e-15,
      -5.479889121122223e-15,
      3.602744913008137e-15,
      3.7866838286516517e-14,
      9.442036773861774e-14,
      -3.164881348895108,
      -1.4554318450129662,
      9.007223669208064e-14,
      2.5714044142863455e-13,
      -2.770761263685445e-15,
      -7.088488248603055e-15,
      1.53474494838621e-14,
      -0.5109839930638119,
      6.406105093785066e-14,
      -1.271766874414736e-15,
      1.2448767734640152e-14,
      3.1026928264538906e-14,
      -3.3875411776244005e-14,
      -8.608876470371299e-14,
      -3.2711640060483695,
      -2.3817593385493887,
      4.065416250903568e-15,
      1.030189323204504e-14,
      5.033959614858239e-15,
      -1.488487392243188e-14,
      -0.9104671389767335,
      1.829542785834757e-15,
      -7.852817842575563e-15,
      -1.9657424267516413e-14,
      1.3213224014476636e-14,
      3.3497462967233916e-14,
      -3.0256788055798393e-15,
      -8.239149439728616e-15,
      -3.2265588768584537,
      -1.6446321154057673,
      -3.20491722150071e-15,
      5.85486108198814e-15,
      -2.029797376719178e-15,
      -0.5573604005018158
    ],
    "k_runtime_row_major": [
      3.2730283666239655,
      1.6459903605033974,
      2.1894232014333714e-14,
      5.547511257224639e-14,
      7.70192064226146e-15,
      2.1946946448170047e-14,
      -7.930000420236855e-15,
      -2.0164692468979613e-14,
      0.5116156265501167,
      9.660646911608696e-15,
      5.479889121122223e-15,
      -3.602744913008137e-15,
      -3.7866838286516517e-14,
      -9.442036773861774e-14,
      3.164881348895108,
      1.4554318450129662,
      -9.007223669208064e-14,
      -2.5714044142863455e-13,
      2.770761263685445e-15,
      7.088488248603055e-15,
      -1.53474494838621e-14,
      0.5109839930638119,
      -6.406105093785066e-14,
      1.271766874414736e-15,
      -1.2448767734640152e-14,
      -3.1026928264538906e-14,
      3.3875411776244005e-14,
      8.608876470371299e-14,
      3.2711640060483695,
      2.3817593385493887,
      -4.065416250903568e-15,
      -1.030189323204504e-14,
      -5.033959614858239e-15,
      1.488487392243188e-14,
      0.9104671389767335,
      -1.829542785834757e-15,
      7.852817842575563e-15,
      1.9657424267516413e-14,
      -1.3213224014476636e-14,
      -3.3497462967233916e-14,
      3.0256788055798393e-15,
      8.239149439728616e-15,
      3.2265588768584537,
      1.6446321154057673,
      3.20491722150071e-15,
      -5.85486108198814e-15,
      2.029797376719178e-15,
      0.5573604005018158
    ],
    "k_index_map": [
      "k[00] = K[0,0] -> ux <- ex",
      "k[01] = K[0,1] -> ux <- evx",
      "k[02] = K[0,2] -> ux <- ey",
      "k[03] = K[0,3] -> ux <- evy",
      "k[04] = K[0,4] -> ux <- ez",
      "k[05] = K[0,5] -> ux <- evz",
      "k[06] = K[0,6] -> ux <- eyaw",
      "k[07] = K[0,7] -> ux <- evyaw",
      "k[08] = K[0,8] -> ux <- iex",
      "k[09] = K[0,9] -> ux <- iey",
      "k[10] = K[0,10] -> ux <- iez",
      "k[11] = K[0,11] -> ux <- ieyaw",
      "k[12] = K[1,0] -> uy <- ex",
      "k[13] = K[1,1] -> uy <- evx",
      "k[14] = K[1,2] -> uy <- ey",
      "k[15] = K[1,3] -> uy <- evy",
      "k[16] = K[1,4] -> uy <- ez",
      "k[17] = K[1,5] -> uy <- evz",
      "k[18] = K[1,6] -> uy <- eyaw",
      "k[19] = K[1,7] -> uy <- evyaw",
      "k[20] = K[1,8] -> uy <- iex",
      "k[21] = K[1,9] -> uy <- iey",
      "k[22] = K[1,10] -> uy <- iez",
      "k[23] = K[1,11] -> uy <- ieyaw",
      "k[24] = K[2,0] -> uz <- ex",
      "k[25] = K[2,1] -> uz <- evx",
      "k[26] = K[2,2] -> uz <- ey",
      "k[27] = K[2,3] -> uz <- evy",
      "k[28] = K[2,4] -> uz <- ez",
      "k[29] = K[2,5] -> uz <- evz",
      "k[30] = K[2,6] -> uz <- eyaw",
      "k[31] = K[2,7] -> uz <- evyaw",
      "k[32] = K[2,8] -> uz <- iex",
      "k[33] = K[2,9] -> uz <- iey",
      "k[34] = K[2,10] -> uz <- iez",
      "k[35] = K[2,11] -> uz <- ieyaw",
      "k[36] = K[3,0] -> uyaw <- ex",
      "k[37] = K[3,1] -> uyaw <- evx",
      "k[38] = K[3,2] -> uyaw <- ey",
      "k[39] = K[3,3] -> uyaw <- evy",
      "k[40] = K[3,4] -> uyaw <- ez",
      "k[41] = K[3,5] -> uyaw <- evz",
      "k[42] = K[3,6] -> uyaw <- eyaw",
      "k[43] = K[3,7] -> uyaw <- evyaw",
      "k[44] = K[3,8] -> uyaw <- iex",
      "k[45] = K[3,9] -> uyaw <- iey",
      "k[46] = K[3,10] -> uyaw <- iez",
      "k[47] = K[3,11] -> uyaw <- ieyaw"
    ],
    "state_order": [
      "ex",
      "evx",
      "ey",
      "evy",
      "ez",
      "evz",
      "eyaw",
      "evyaw",
      "iex",
      "iey",
      "iez",
      "ieyaw"
    ],
    "input_order": [
      "ux",
      "uy",
      "uz",
      "uyaw"
    ]
  },
  "notes": {
    "validation_run_after_tuning": true,
    "validation_script": "validate_lqi_robust.py"
  },
  "stability": {
    "worst_max_real_eig": -0.1912368873489172,
    "worst_max_abs_eig_i_plus_a_dt": 0.9961752622530239,
    "unstable_vertices_continuous": 0,
    "stable_all_continuous": true
  },
  "metrics": {
    "nominal:step_x": {
      "final_ref": 0.2,
      "step_amplitude": 0.2,
      "overshoot_abs": 0.0006745128392736388,
      "overshoot_pct": 0.3372564196368194,
      "settling_time_s": 3.24,
      "peak_abs_u_ux": 0.6546056733247931,
      "peak_abs_v_ux": 0.040337909969189255,
      "sat_ratio_ux": 0.0,
      "peak_abs_u_uy": 7.573367657303303e-15,
      "peak_abs_v_uy": 4.798374219825194e-16,
      "sat_ratio_uy": 0.0,
      "peak_abs_u_uz": 2.4897535469280305e-15,
      "peak_abs_v_uz": 3.825817677320929e-16,
      "sat_ratio_uz": 0.0,
      "peak_abs_u_uyaw": 1.5705635685151127e-15,
      "peak_abs_v_uyaw": 2.5628165024034535e-16,
      "sat_ratio_uyaw": 0.0
    },
    "nominal:step_y": {
      "final_ref": 0.2,
      "step_amplitude": 0.2,
      "overshoot_abs": 0.0007277010342976176,
      "overshoot_pct": 0.3638505171488088,
      "settling_time_s": 2.98,
      "peak_abs_u_ux": 4.378846402866743e-15,
      "peak_abs_v_ux": 2.6983192961132087e-16,
      "sat_ratio_ux": 0.0,
      "peak_abs_u_uy": 0.6329762697790217,
      "peak_abs_v_uy": 0.0401044443120337,
      "sat_ratio_uy": 0.0,
      "peak_abs_u_uz": 6.775082355248801e-15,
      "peak_abs_v_uz": 1.0410761286793836e-15,
      "sat_ratio_uz": 0.0,
      "peak_abs_u_uyaw": 2.642644802895327e-15,
      "peak_abs_v_uyaw": 4.3122187771450887e-16,
      "sat_ratio_uyaw": 0.0
    },
    "nominal:step_z": {
      "final_ref": 0.2,
      "step_amplitude": 0.2,
      "overshoot_abs": 0.0017477353995546119,